coin,percentage,spent
BTC-USD,0.0276301473160939,1234
SOL-USD,11.19512055033426,1007
LUNA-USD,90635.19121508204,827
ETH-USD,0.1519975995550767,466
